Workbook

Sheet Source data
A1: Source data: detail rows from the four input files
A2: FICTIONAL TRAINING DATA - NOT TAX ADVICE. Source total rows were not copied. Amounts are values copied from the files; the file, sheet and row say where each came from.
A4: Source file | B4: Sheet | C4: Source row | D4: Side | E4: State | F4: Tax year | G4: Property ID | H4: Property name | I4: Amount USD | J4: Key
A5: OH-book.xlsx | B5: Book | C5: 5 | D5: Book | E5: OH | F5: 2026 | G5: 010001 | H5: OH Training Property 1 | I5: 12000 | J5: =E5&"|"&F5&"|"&G5 -> OH|2026|010001
A6: OH-book.xlsx | B6: Book | C6: 6 | D6: Book | E6: OH | F6: 2026 | G6: 010002 | H6: OH Training Property 2 | I6: 18000 | J6: =E6&"|"&F6&"|"&G6 -> OH|2026|010002
A7: OH-book.xlsx | B7: Book | C7: 7 | D7: Book | E7: OH | F7: 2026 | G7: 010003 | H7: OH Training Property 3 | I7: 9000 | J7: =E7&"|"&F7&"|"&G7 -> OH|2026|010003
A8: OH-book.xlsx | B8: Book | C8: 8 | D8: Book | E8: OH | F8: 2026 | G8: 010004 | H8: OH Training Property 4 | I8: 15000 | J8: =E8&"|"&F8&"|"&G8 -> OH|2026|010004
A9: OH-book.xlsx | B9: Book | C9: 9 | D9: Book | E9: OH | F9: 2026 | G9: 010005 | H9: OH Training Property 5 | I9: 22000 | J9: =E9&"|"&F9&"|"&G9 -> OH|2026|010005
A10: OH-book.xlsx | B10: Book | C10: 10 | D10: Book | E10: OH | F10: 2026 | G10: 010006 | H10: OH Training Property 6 | I10: 14000 | J10: =E10&"|"&F10&"|"&G10 -> OH|2026|010006
A11: OH-bills.xlsx | B11: Bills | C11: 5 | D11: Bill | E11: OH | F11: 2026 | G11: 010001 | H11: OH Training Property 1 | I11: 12000 | J11: =E11&"|"&F11&"|"&G11 -> OH|2026|010001
A12: OH-bills.xlsx | B12: Bills | C12: 6 | D12: Bill | E12: OH | F12: 2026 | G12: 010002 | H12: OH Training Property 2 | I12: 18500 | J12: =E12&"|"&F12&"|"&G12 -> OH|2026|010002
A13: OH-bills.xlsx | B13: Bills | C13: 7 | D13: Bill | E13: OH | F13: 2026 | G13: 010003 | H13: OH Training Property 3 | I13: 8500 | J13: =E13&"|"&F13&"|"&G13 -> OH|2026|010003
A14: OH-bills.xlsx | B14: Bills | C14: 8 | D14: Bill | E14: OH | F14: 2026 | G14: 010004 | H14: OH Training Property 4 | I14: 15000 | J14: =E14&"|"&F14&"|"&G14 -> OH|2026|010004
A15: OH-bills.xlsx | B15: Bills | C15: 9 | D15: Bill | E15: OH | F15: 2026 | G15: 010005 | H15: OH Training Property 5 | I15: 22000 | J15: =E15&"|"&F15&"|"&G15 -> OH|2026|010005
A16: OH-bills.xlsx | B16: Bills | C16: 10 | D16: Bill | E16: OH | F16: 2026 | G16: 010007 | H16: OH Training Property 7 | I16: 16000 | J16: =E16&"|"&F16&"|"&G16 -> OH|2026|010007
... A28: TX-bills.xlsx | B28: Bills | C28: 10 | D28: Bill | E28: TX | F28: 2026 | G28: 020006 | H28: TX Training Property 6 | I28: 12000 | J28: =E28&"|"&F28&"|"&G28 -> TX|2026|020006
H30: Combined Book USD | I30: =SUMIFS(I5:I28,D5:D28,"Book") -> 190000
H31: Combined Bill USD | I31: =SUMIFS(I5:I28,D5:D28,"Bill") -> 193200
H32: Detail rows | I32: =COUNTA(G5:G28) -> 24

Sheet All properties
A1: All properties: one row per State + Tax year + Property ID
A2: FICTIONAL TRAINING DATA - NOT TAX ADVICE. A blank Book or Bill cell means no record on that side. Blank is not zero. Bill minus Book is shown only when both sides exist.
A4: State | B4: Tax year | C4: Property ID | D4: Property name | E4: Key | F4: Book USD | G4: Bill USD | H4: Bill minus Book | I4: Status
A5: OH | B5: 2026 | C5: 010001 | D5: OH Training Property 1 | E5: =A5&"|"&B5&"|"&C5 -> OH|2026|010001 | F5: =IF(COUNTIFS('Source data'!$J$5:$J$28,$E5,'Source data'!$D$5:$D$28,"Book")=0,"",SUMIFS('Source data'!$I$5:$I$28,'Source data'!$J$5:$J$28,$E5,'Source data'!$D$5:$D$28,"Book")) -> 12000 | G5: =IF(COUNTIFS('Source data'!$J$5:$J$28,$E5,'Source data'!$D$5:$D$28,"Bill")=0,"",SUMIFS('Source data'!$I$5:$I$28,'Source data'!$J$5:$J$28,$E5,'Source data'!$D$5:$D$28,"Bill")) -> 12000 | H5: =IF(OR(F5="",G5=""),"",G5-F5) -> 0 | I5: =IF(F5="","Bill only",IF(G5="","Book only",IF(G5=F5,"Exact match","Amount difference"))) -> Exact match
A6: OH | B6: 2026 | C6: 010002 | D6: OH Training Property 2 | E6: =A6&"|"&B6&"|"&C6 -> OH|2026|010002 | F6: =IF(COUNTIFS('Source data'!$J$5:$J$28,$E6,'Source data'!$D$5:$D$28,"Book")=0,"",SUMIFS('Source data'!$I$5:$I$28,'Source data'!$J$5:$J$28,$E6,'Source data'!$D$5:$D$28,"Book")) -> 18000 | G6: =IF(COUNTIFS('Source data'!$J$5:$J$28,$E6,'Source data'!$D$5:$D$28,"Bill")=0,"",SUMIFS('Source data'!$I$5:$I$28,'Source data'!$J$5:$J$28,$E6,'Source data'!$D$5:$D$28,"Bill")) -> 18500 | H6: =IF(OR(F6="",G6=""),"",G6-F6) -> 500 | I6: =IF(F6="","Bill only",IF(G6="","Book only",IF(G6=F6,"Exact match","Amount difference"))) -> Amount difference
A7: OH | B7: 2026 | C7: 010003 | D7: OH Training Property 3 | E7: =A7&"|"&B7&"|"&C7 -> OH|2026|010003 | F7: =IF(COUNTIFS('Source data'!$J$5:$J$28,$E7,'Source data'!$D$5:$D$28,"Book")=0,"",SUMIFS('Source data'!$I$5:$I$28,'Source data'!$J$5:$J$28,$E7,'Source data'!$D$5:$D$28,"Book")) -> 9000 | G7: =IF(COUNTIFS('Source data'!$J$5:$J$28,$E7,'Source data'!$D$5:$D$28,"Bill")=0,"",SUMIFS('Source data'!$I$5:$I$28,'Source data'!$J$5:$J$28,$E7,'Source data'!$D$5:$D$28,"Bill")) -> 8500 | H7: =IF(OR(F7="",G7=""),"",G7-F7) -> -500 | I7: =IF(F7="","Bill only",IF(G7="","Book only",IF(G7=F7,"Exact match","Amount difference"))) -> Amount difference
A8: OH | B8: 2026 | C8: 010004 | D8: OH Training Property 4 | E8: =A8&"|"&B8&"|"&C8 -> OH|2026|010004 | F8: =IF(COUNTIFS('Source data'!$J$5:$J$28,$E8,'Source data'!$D$5:$D$28,"Book")=0,"",SUMIFS('Source data'!$I$5:$I$28,'Source data'!$J$5:$J$28,$E8,'Source data'!$D$5:$D$28,"Book")) -> 15000 | G8: =IF(COUNTIFS('Source data'!$J$5:$J$28,$E8,'Source data'!$D$5:$D$28,"Bill")=0,"",SUMIFS('Source data'!$I$5:$I$28,'Source data'!$J$5:$J$28,$E8,'Source data'!$D$5:$D$28,"Bill")) -> 15000 | H8: =IF(OR(F8="",G8=""),"",G8-F8) -> 0 | I8: =IF(F8="","Bill only",IF(G8="","Book only",IF(G8=F8,"Exact match","Amount difference"))) -> Exact match
A9: OH | B9: 2026 | C9: 010005 | D9: OH Training Property 5 | E9: =A9&"|"&B9&"|"&C9 -> OH|2026|010005 | F9: =IF(COUNTIFS('Source data'!$J$5:$J$28,$E9,'Source data'!$D$5:$D$28,"Book")=0,"",SUMIFS('Source data'!$I$5:$I$28,'Source data'!$J$5:$J$28,$E9,'Source data'!$D$5:$D$28,"Book")) -> 22000 | G9: =IF(COUNTIFS('Source data'!$J$5:$J$28,$E9,'Source data'!$D$5:$D$28,"Bill")=0,"",SUMIFS('Source data'!$I$5:$I$28,'Source data'!$J$5:$J$28,$E9,'Source data'!$D$5:$D$28,"Bill")) -> 22000 | H9: =IF(OR(F9="",G9=""),"",G9-F9) -> 0 | I9: =IF(F9="","Bill only",IF(G9="","Book only",IF(G9=F9,"Exact match","Amount difference"))) -> Exact match
A10: OH | B10: 2026 | C10: 010006 | D10: OH Training Property 6 | E10: =A10&"|"&B10&"|"&C10 -> OH|2026|010006 | F10: =IF(COUNTIFS('Source data'!$J$5:$J$28,$E10,'Source data'!$D$5:$D$28,"Book")=0,"",SUMIFS('Source data'!$I$5:$I$28,'Source data'!$J$5:$J$28,$E10,'Source data'!$D$5:$D$28,"Book")) -> 14000 | G10: =IF(COUNTIFS('Source data'!$J$5:$J$28,$E10,'Source data'!$D$5:$D$28,"Bill")=0,"",SUMIFS('Source data'!$I$5:$I$28,'Source data'!$J$5:$J$28,$E10,'Source data'!$D$5:$D$28,"Bill")) | H10: =IF(OR(F10="",G10=""),"",G10-F10) | I10: =IF(F10="","Bill only",IF(G10="","Book only",IF(G10=F10,"Exact match","Amount difference"))) -> Book only
A11: OH | B11: 2026 | C11: 010007 | D11: OH Training Property 7 | E11: =A11&"|"&B11&"|"&C11 -> OH|2026|010007 | F11: =IF(COUNTIFS('Source data'!$J$5:$J$28,$E11,'Source data'!$D$5:$D$28,"Book")=0,"",SUMIFS('Source data'!$I$5:$I$28,'Source data'!$J$5:$J$28,$E11,'Source data'!$D$5:$D$28,"Book")) | G11: =IF(COUNTIFS('Source data'!$J$5:$J$28,$E11,'Source data'!$D$5:$D$28,"Bill")=0,"",SUMIFS('Source data'!$I$5:$I$28,'Source data'!$J$5:$J$28,$E11,'Source data'!$D$5:$D$28,"Bill")) -> 16000 | H11: =IF(OR(F11="",G11=""),"",G11-F11) | I11: =IF(F11="","Bill only",IF(G11="","Book only",IF(G11=F11,"Exact match","Amount difference"))) -> Bill only
A12: TX | B12: 2026 | C12: 020001 | D12: TX Training Property 1 | E12: =A12&"|"&B12&"|"&C12 -> TX|2026|020001 | F12: =IF(COUNTIFS('Source data'!$J$5:$J$28,$E12,'Source data'!$D$5:$D$28,"Book")=0,"",SUMIFS('Source data'!$I$5:$I$28,'Source data'!$J$5:$J$28,$E12,'Source data'!$D$5:$D$28,"Book")) -> 20000 | G12: =IF(COUNTIFS('Source data'!$J$5:$J$28,$E12,'Source data'!$D$5:$D$28,"Bill")=0,"",SUMIFS('Source data'!$I$5:$I$28,'Source data'!$J$5:$J$28,$E12,'Source data'!$D$5:$D$28,"Bill")) -> 20000 | H12: =IF(OR(F12="",G12=""),"",G12-F12) -> 0 | I12: =IF(F12="","Bill only",IF(G12="","Book only",IF(G12=F12,"Exact match","Amount difference"))) -> Exact match
A13: TX | B13: 2026 | C13: 020002 | D13: TX Training Property 2 | E13: =A13&"|"&B13&"|"&C13 -> TX|2026|020002 | F13: =IF(COUNTIFS('Source data'!$J$5:$J$28,$E13,'Source data'!$D$5:$D$28,"Book")=0,"",SUMIFS('Source data'!$I$5:$I$28,'Source data'!$J$5:$J$28,$E13,'Source data'!$D$5:$D$28,"Book")) -> 16000 | G13: =IF(COUNTIFS('Source data'!$J$5:$J$28,$E13,'Source data'!$D$5:$D$28,"Bill")=0,"",SUMIFS('Source data'!$I$5:$I$28,'Source data'!$J$5:$J$28,$E13,'Source data'!$D$5:$D$28,"Bill")) -> 16000 | H13: =IF(OR(F13="",G13=""),"",G13-F13) -> 0 | I13: =IF(F13="","Bill only",IF(G13="","Book only",IF(G13=F13,"Exact match","Amount difference"))) -> Exact match
A14: TX | B14: 2026 | C14: 020003 | D14: TX Training Property 3 | E14: =A14&"|"&B14&"|"&C14 -> TX|2026|020003 | F14: =IF(COUNTIFS('Source data'!$J$5:$J$28,$E14,'Source data'!$D$5:$D$28,"Book")=0,"",SUMIFS('Source data'!$I$5:$I$28,'Source data'!$J$5:$J$28,$E14,'Source data'!$D$5:$D$28,"Book")) -> 24000 | G14: =IF(COUNTIFS('Source data'!$J$5:$J$28,$E14,'Source data'!$D$5:$D$28,"Bill")=0,"",SUMIFS('Source data'!$I$5:$I$28,'Source data'!$J$5:$J$28,$E14,'Source data'!$D$5:$D$28,"Bill")) -> 25200 | H14: =IF(OR(F14="",G14=""),"",G14-F14) -> 1200 | I14: =IF(F14="","Bill only",IF(G14="","Book only",IF(G14=F14,"Exact match","Amount difference"))) -> Amount difference
A15: TX | B15: 2026 | C15: 020004 | D15: TX Training Property 4 | E15: =A15&"|"&B15&"|"&C15 -> TX|2026|020004 | F15: =IF(COUNTIFS('Source data'!$J$5:$J$28,$E15,'Source data'!$D$5:$D$28,"Book")=0,"",SUMIFS('Source data'!$I$5:$I$28,'Source data'!$J$5:$J$28,$E15,'Source data'!$D$5:$D$28,"Book")) -> 10000 | G15: =IF(COUNTIFS('Source data'!$J$5:$J$28,$E15,'Source data'!$D$5:$D$28,"Bill")=0,"",SUMIFS('Source data'!$I$5:$I$28,'Source data'!$J$5:$J$28,$E15,'Source data'!$D$5:$D$28,"Bill")) -> 10000 | H15: =IF(OR(F15="",G15=""),"",G15-F15) -> 0 | I15: =IF(F15="","Bill only",IF(G15="","Book only",IF(G15=F15,"Exact match","Amount difference"))) -> Exact match
A16: TX | B16: 2026 | C16: 020005 | D16: TX Training Property 5 | E16: =A16&"|"&B16&"|"&C16 -> TX|2026|020005 | F16: =IF(COUNTIFS('Source data'!$J$5:$J$28,$E16,'Source data'!$D$5:$D$28,"Book")=0,"",SUMIFS('Source data'!$I$5:$I$28,'Source data'!$J$5:$J$28,$E16,'Source data'!$D$5:$D$28,"Book")) -> 18000 | G16: =IF(COUNTIFS('Source data'!$J$5:$J$28,$E16,'Source data'!$D$5:$D$28,"Bill")=0,"",SUMIFS('Source data'!$I$5:$I$28,'Source data'!$J$5:$J$28,$E16,'Source data'!$D$5:$D$28,"Bill")) -> 18000 | H16: =IF(OR(F16="",G16=""),"",G16-F16) -> 0 | I16: =IF(F16="","Bill only",IF(G16="","Book only",IF(G16=F16,"Exact match","Amount difference"))) -> Exact match
A17: TX | B17: 2026 | C17: 020006 | D17: TX Training Property 6 | E17: =A17&"|"&B17&"|"&C17 -> TX|2026|020006 | F17: =IF(COUNTIFS('Source data'!$J$5:$J$28,$E17,'Source data'!$D$5:$D$28,"Book")=0,"",SUMIFS('Source data'!$I$5:$I$28,'Source data'!$J$5:$J$28,$E17,'Source data'!$D$5:$D$28,"Book")) -> 12000 | G17: =IF(COUNTIFS('Source data'!$J$5:$J$28,$E17,'Source data'!$D$5:$D$28,"Bill")=0,"",SUMIFS('Source data'!$I$5:$I$28,'Source data'!$J$5:$J$28,$E17,'Source data'!$D$5:$D$28,"Bill")) -> 12000 | H17: =IF(OR(F17="",G17=""),"",G17-F17) -> 0 | I17: =IF(F17="","Bill only",IF(G17="","Book only",IF(G17=F17,"Exact match","Amount difference"))) -> Exact match
E19: Totals | F19: =SUM(F5:F17) -> 190000 | G19: =SUM(G5:G17) -> 193200 | H19: =SUM(H5:H17) -> 1200
E20: Rows | F20: =COUNTA(C5:C17) -> 13

Sheet Exceptions
A1: Exceptions: every item that is not an exact match
A2: FICTIONAL TRAINING DATA - NOT TAX ADVICE. Amounts and status are pulled from All properties. No cause is supplied for any difference; causes are not in the inputs.
A4: State | B4: Tax year | C4: Property ID | D4: Property name | E4: Key | F4: Book USD | G4: Bill USD | H4: Bill minus Book | I4: Status | J4: Source evidence
A5: OH | B5: 2026 | C5: 010002 | D5: OH Training Property 2 | E5: =A5&"|"&B5&"|"&C5 -> OH|2026|010002 | F5: =INDEX('All properties'!$F$5:$F$17,MATCH($E5,'All properties'!$E$5:$E$17,0)) -> 18000 | G5: =INDEX('All properties'!$G$5:$G$17,MATCH($E5,'All properties'!$E$5:$E$17,0)) -> 18500 | H5: =INDEX('All properties'!$H$5:$H$17,MATCH($E5,'All properties'!$E$5:$E$17,0)) -> 500 | I5: =INDEX('All properties'!$I$5:$I$17,MATCH($E5,'All properties'!$E$5:$E$17,0)) -> Amount difference | J5: OH-book.xlsx Book row 6; OH-bills.xlsx Bills row 6
A6: OH | B6: 2026 | C6: 010003 | D6: OH Training Property 3 | E6: =A6&"|"&B6&"|"&C6 -> OH|2026|010003 | F6: =INDEX('All properties'!$F$5:$F$17,MATCH($E6,'All properties'!$E$5:$E$17,0)) -> 9000 | G6: =INDEX('All properties'!$G$5:$G$17,MATCH($E6,'All properties'!$E$5:$E$17,0)) -> 8500 | H6: =INDEX('All properties'!$H$5:$H$17,MATCH($E6,'All properties'!$E$5:$E$17,0)) -> -500 | I6: =INDEX('All properties'!$I$5:$I$17,MATCH($E6,'All properties'!$E$5:$E$17,0)) -> Amount difference | J6: OH-book.xlsx Book row 7; OH-bills.xlsx Bills row 7
A7: OH | B7: 2026 | C7: 010006 | D7: OH Training Property 6 | E7: =A7&"|"&B7&"|"&C7 -> OH|2026|010006 | F7: =INDEX('All properties'!$F$5:$F$17,MATCH($E7,'All properties'!$E$5:$E$17,0)) -> 14000 | G7: =INDEX('All properties'!$G$5:$G$17,MATCH($E7,'All properties'!$E$5:$E$17,0)) | H7: =INDEX('All properties'!$H$5:$H$17,MATCH($E7,'All properties'!$E$5:$E$17,0)) | I7: =INDEX('All properties'!$I$5:$I$17,MATCH($E7,'All properties'!$E$5:$E$17,0)) -> Book only | J7: OH-book.xlsx Book row 10
A8: OH | B8: 2026 | C8: 010007 | D8: OH Training Property 7 | E8: =A8&"|"&B8&"|"&C8 -> OH|2026|010007 | F8: =INDEX('All properties'!$F$5:$F$17,MATCH($E8,'All properties'!$E$5:$E$17,0)) | G8: =INDEX('All properties'!$G$5:$G$17,MATCH($E8,'All properties'!$E$5:$E$17,0)) -> 16000 | H8: =INDEX('All properties'!$H$5:$H$17,MATCH($E8,'All properties'!$E$5:$E$17,0)) | I8: =INDEX('All properties'!$I$5:$I$17,MATCH($E8,'All properties'!$E$5:$E$17,0)) -> Bill only | J8: OH-bills.xlsx Bills row 10
A9: TX | B9: 2026 | C9: 020003 | D9: TX Training Property 3 | E9: =A9&"|"&B9&"|"&C9 -> TX|2026|020003 | F9: =INDEX('All properties'!$F$5:$F$17,MATCH($E9,'All properties'!$E$5:$E$17,0)) -> 24000 | G9: =INDEX('All properties'!$G$5:$G$17,MATCH($E9,'All properties'!$E$5:$E$17,0)) -> 25200 | H9: =INDEX('All properties'!$H$5:$H$17,MATCH($E9,'All properties'!$E$5:$E$17,0)) -> 1200 | I9: =INDEX('All properties'!$I$5:$I$17,MATCH($E9,'All properties'!$E$5:$E$17,0)) -> Amount difference | J9: TX-book.xlsx Book row 7; TX-bills.xlsx Bills row 7
E11: Exception rows | F11: =COUNTA(C5:C9) -> 5
E12: Expected, from All properties | F12: =COUNTIF('All properties'!$I$5:$I$17,"<>Exact match") -> 5

Sheet State totals
A1: State totals and the bridge
A2: FICTIONAL TRAINING DATA - NOT TAX ADVICE. Matched net = positive plus negative differences. Matched gross = positive minus negative, the sum of absolute differences. Bridge = matched net + bill-only - book-only, which must equal Bill total minus Book total.
A4: Measure | B4: OH | C4: TX | D4: Total | E4: How it is calculated
A5: Book rows | B5: =COUNTIFS('Source data'!$E$5:$E$28,B$4,'Source data'!$D$5:$D$28,"Book") -> 6 | C5: =COUNTIFS('Source data'!$E$5:$E$28,C$4,'Source data'!$D$5:$D$28,"Book") -> 6 | D5: =B5+C5 -> 12 | E5: Count of Book detail rows in Source data
A6: Book total USD | B6: =SUMIFS('Source data'!$I$5:$I$28,'Source data'!$E$5:$E$28,B$4,'Source data'!$D$5:$D$28,"Book") -> 90000 | C6: =SUMIFS('Source data'!$I$5:$I$28,'Source data'!$E$5:$E$28,C$4,'Source data'!$D$5:$D$28,"Book") -> 100000 | D6: =B6+C6 -> 190000 | E6: Sum of Book amounts in Source data
A7: Bill rows | B7: =COUNTIFS('Source data'!$E$5:$E$28,B$4,'Source data'!$D$5:$D$28,"Bill") -> 6 | C7: =COUNTIFS('Source data'!$E$5:$E$28,C$4,'Source data'!$D$5:$D$28,"Bill") -> 6 | D7: =B7+C7 -> 12 | E7: Count of Bill detail rows in Source data
A8: Bill total USD | B8: =SUMIFS('Source data'!$I$5:$I$28,'Source data'!$E$5:$E$28,B$4,'Source data'!$D$5:$D$28,"Bill") -> 92000 | C8: =SUMIFS('Source data'!$I$5:$I$28,'Source data'!$E$5:$E$28,C$4,'Source data'!$D$5:$D$28,"Bill") -> 101200 | D8: =B8+C8 -> 193200 | E8: Sum of Bill amounts in Source data
A9: Full difference, Bill minus Book | B9: =B8-B6 -> 2000 | C9: =C8-C6 -> 1200 | D9: =D8-D6 -> 3200 | E9: Bill total minus Book total
A11: Properties (keys) | B11: =COUNTIF('All properties'!$A$5:$A$17,B$4) -> 7 | C11: =COUNTIF('All properties'!$A$5:$A$17,C$4) -> 6 | D11: =B11+C11 -> 13 | E11: Rows in All properties
A12: Exact matches | B12: =COUNTIFS('All properties'!$A$5:$A$17,B$4,'All properties'!$I$5:$I$17,"Exact match") -> 3 | C12: =COUNTIFS('All properties'!$A$5:$A$17,C$4,'All properties'!$I$5:$I$17,"Exact match") -> 5 | D12: =B12+C12 -> 8 | E12: Both sides present, same amount
A13: Amount differences | B13: =COUNTIFS('All properties'!$A$5:$A$17,B$4,'All properties'!$I$5:$I$17,"Amount difference") -> 2 | C13: =COUNTIFS('All properties'!$A$5:$A$17,C$4,'All properties'!$I$5:$I$17,"Amount difference") -> 1 | D13: =B13+C13 -> 3 | E13: Both sides present, different amount
A14: Book-only items | B14: =COUNTIFS('All properties'!$A$5:$A$17,B$4,'All properties'!$I$5:$I$17,"Book only") -> 1 | C14: =COUNTIFS('All properties'!$A$5:$A$17,C$4,'All properties'!$I$5:$I$17,"Book only") -> 0 | D14: =B14+C14 -> 1 | E14: In the book, no bill
A15: Bill-only items | B15: =COUNTIFS('All properties'!$A$5:$A$17,B$4,'All properties'!$I$5:$I$17,"Bill only") -> 1 | C15: =COUNTIFS('All properties'!$A$5:$A$17,C$4,'All properties'!$I$5:$I$17,"Bill only") -> 0 | D15: =B15+C15 -> 1 | E15: On a bill, not in the book
A17: Positive matched differences | B17: =SUMIFS('All properties'!$H$5:$H$17,'All properties'!$A$5:$A$17,B$4,'All properties'!$H$5:$H$17,">0") -> 500 | C17: =SUMIFS('All properties'!$H$5:$H$17,'All properties'!$A$5:$A$17,C$4,'All properties'!$H$5:$H$17,">0") -> 1200 | D17: =B17+C17 -> 1700 | E17: Bill above Book, matched pairs only
A18: Negative matched differences | B18: =SUMIFS('All properties'!$H$5:$H$17,'All properties'!$A$5:$A$17,B$4,'All properties'!$H$5:$H$17,"<0") -> -500 | C18: =SUMIFS('All properties'!$H$5:$H$17,'All properties'!$A$5:$A$17,C$4,'All properties'!$H$5:$H$17,"<0") -> 0 | D18: =B18+C18 -> -500 | E18: Bill below Book, matched pairs only
A19: Matched net difference | B19: =B17+B18 -> 0 | C19: =C17+C18 -> 1200 | D19: =D17+D18 -> 1200 | E19: Positive plus negative
A20: Matched gross difference | B20: =B17-B18 -> 1000 | C20: =C17-C18 -> 1200 | D20: =D17-D18 -> 2200 | E20: Positive minus negative = sum of absolute differences
A21: Book-only USD | B21: =SUMIFS('All properties'!$F$5:$F$17,'All properties'!$A$5:$A$17,B$4,'All properties'!$I$5:$I$17,"Book only") -> 14000 | C21: =SUMIFS('All properties'!$F$5:$F$17,'All properties'!$A$5:$A$17,C$4,'All properties'!$I$5:$I$17,"Book only") -> 0 | D21: =B21+C21 -> 14000 | E21: Book amounts with no bill
A22: Bill-only USD | B22: =SUMIFS('All properties'!$G$5:$G$17,'All properties'!$A$5:$A$17,B$4,'All properties'!$I$5:$I$17,"Bill only") -> 16000 | C22: =SUMIFS('All properties'!$G$5:$G$17,'All properties'!$A$5:$A$17,C$4,'All properties'!$I$5:$I$17,"Bill only") -> 0 | D22: =B22+C22 -> 16000 | E22: Bill amounts with no book row
A23: Bridge | B23: =B19+B22-B21 -> 2000 | C23: =C19+C22-C21 -> 1200 | D23: =D19+D22-D21 -> 3200 | E23: Matched net + Bill-only - Book-only
A24: Bridge minus full difference | B24: =B23-B9 -> 0 | C24: =C23-C9 -> 0 | D24: =D23-D9 -> 0 | E24: Must be 0 for the bridge to prove the full difference

Sheet Checks
A1: Checks: every row should say OK
A2: FICTIONAL TRAINING DATA - NOT TAX ADVICE. Blue values were read from the input files (detail rows 5 to 10 of each). If a check says CHECK, look at the two values beside it.
A4: Check | B4: This workbook | C4: Expected | D4: Result | E4: What it proves
A5: Detail rows copied from the four files | B5: ='Source data'!I32 -> 24 | C5: 24 | D5: =IF(ROUND(B5-C5,2)=0,"OK","CHECK") -> OK | E5: Only detail rows were copied; the four Source total rows were excluded
A6: OH-book.xlsx total ties to its source | B6: =SUMIFS('Source data'!$I$5:$I$28,'Source data'!$A$5:$A$28,"OH-book.xlsx") -> 90000 | C6: 90000 | D6: =IF(ROUND(B6-C6,2)=0,"OK","CHECK") -> OK | E6: Rows 5 to 10 of OH-book.xlsx add to the file's own Source total
A7: OH-bills.xlsx total ties to its source | B7: =SUMIFS('Source data'!$I$5:$I$28,'Source data'!$A$5:$A$28,"OH-bills.xlsx") -> 92000 | C7: 92000 | D7: =IF(ROUND(B7-C7,2)=0,"OK","CHECK") -> OK | E7: Rows 5 to 10 of OH-bills.xlsx add to the file's own Source total
A8: TX-book.xlsx total ties to its source | B8: =SUMIFS('Source data'!$I$5:$I$28,'Source data'!$A$5:$A$28,"TX-book.xlsx") -> 100000 | C8: 100000 | D8: =IF(ROUND(B8-C8,2)=0,"OK","CHECK") -> OK | E8: Rows 5 to 10 of TX-book.xlsx add to the file's own Source total
A9: TX-bills.xlsx total ties to its source | B9: =SUMIFS('Source data'!$I$5:$I$28,'Source data'!$A$5:$A$28,"TX-bills.xlsx") -> 101200 | C9: 101200 | D9: =IF(ROUND(B9-C9,2)=0,"OK","CHECK") -> OK | E9: Rows 5 to 10 of TX-bills.xlsx add to the file's own Source total
A10: Book total: Source data vs All properties | B10: ='Source data'!I30 -> 190000 | C10: ='All properties'!F19 -> 190000 | D10: =IF(ROUND(B10-C10,2)=0,"OK","CHECK") -> OK | E10: Every Book amount landed on exactly one property row
A11: Bill total: Source data vs All properties | B11: ='Source data'!I31 -> 193200 | C11: ='All properties'!G19 -> 193200 | D11: =IF(ROUND(B11-C11,2)=0,"OK","CHECK") -> OK | E11: Every Bill amount landed on exactly one property row
A12: Property rows = exact + differences + book-only + bill-only | B12: ='State totals'!D11 -> 13 | C12: ='State totals'!D12+'State totals'!D13+'State totals'!D14+'State totals'!D15 -> 13 | D12: =IF(ROUND(B12-C12,2)=0,"OK","CHECK") -> OK | E12: Every property has exactly one status
A13: Exceptions listed = non-exact rows | B13: =Exceptions!F11 -> 5 | C13: =Exceptions!F12 -> 5 | D13: =IF(ROUND(B13-C13,2)=0,"OK","CHECK") -> OK | E13: The Exceptions sheet is complete
A14: Duplicate keys within a side | B14: =SUMPRODUCT((COUNTIFS('Source data'!$J$5:$J$28,'Source data'!$J$5:$J$28,'Source data'!$D$5:$D$28,'Source data'!$D$5:$D$28)>1)*1) -> 0 | C14: 0 | D14: =IF(ROUND(B14-C14,2)=0,"OK","CHECK") -> OK | E14: Each key appears at most once per side, so matching is one-to-one
A15: Matched net: All properties vs State totals | B15: ='All properties'!H19 -> 1200 | C15: ='State totals'!D19 -> 1200 | D15: =IF(ROUND(B15-C15,2)=0,"OK","CHECK") -> OK | E15: Net difference agrees on both sheets
A16: Bridge minus full difference | B16: ='State totals'!D24 -> 0 | C16: 0 | D16: =IF(ROUND(B16-C16,2)=0,"OK","CHECK") -> OK | E16: Matched net + bill-only - book-only explains the whole Bill minus Book difference

Sheet Research
A1: Research findings: Travis County, TX, business personal property, tax year 2026
A2: FICTIONAL TRAINING CONTEXT, not tax advice. Research is separate from the financial sheets and changes no amount. Official sources only. Every finding is Needs review.
A4: Topic | B4: Short finding | C4: Official source | D4: Review status | E4: Checked date
A5: R1. Rendition deadline stated by the sources | B5: TCAD's page states an April 15 rendition deadline. Form 50-144 (rev. 03-26) states due after January 1 and by April 15, extendable to May 15 on written request plus 15 days for good cause. Whether a property must render is not decided here. | C5: https://traviscad.org/renditions https://comptroller.texas.gov/forms/50-144.pdf | D5: Needs review | E5: 46271
A6: R2. Where to file | B6: File with TCAD, not the Comptroller: online portal, mail to PO Box 141864, Austin, TX 78714-1864, or drop box at 850 E Anderson Ln, Austin, TX 78752. The portal link reads like a staging address; confirm the live portal before use. | C6: https://traviscad.org/renditions https://traviscad.org/faq_category/bpp/ | D6: Needs review | E6: 46271
A7: R3. $125,000 exemption and election not to render (unresolved) | B7: HB 9 (effective 2026-01-01 only if voters approved HJR 1) exempts $125,000 per location and adds Tax Code 22.01(j-1) to (j-3). An election not to render takes effect the tax year after it is filed, so a 2026 election does not by itself remove a 2026 obligation. Applicability in Travis County is unresolved. | C7: https://capitol.texas.gov/tlodocs/89R/billtext/html/HB00009F.htm https://capitol.texas.gov/BillLookup/History.aspx?LegSess=89R&Bill=HB9 | D7: Needs review | E7: 46271
A9: Unresolved: whether the exemption and election apply in Travis County for 2026; the election takes effect the tax year after it is filed (Tax Code 22.01(j-3)); leased or regulated property may follow different exemption or deadline rules, not researched. Source sections, dates and other metadata: outputs/research-note.md.
